persons,prediction,reference,pred.score
person1,Male,Male,0.725255043478683
person2,Male,Female,0.593427271349356
person3,Male,Male,0.604036472504959
person4,Female,Male,0.0851071262732148
person5,Female,Female,0.0826107773464173
person6,Male,Female,0.96415178431198
person7,Female,Male,0.423759858123958
person8,Male,Female,0.525254244916141
person9,Female,Female,0.496083737351
person10,Male,Male,0.577389725018293
person11,Male,Male,0.854173856321722
person12,Female,Female,0.395636213477701
