persons,prediction,reference,pred.score
person1,Female,Male,0.148934520082548
person2,Male,Female,0.531281576724723
person3,Male,Male,0.904479518299922
person4,Female,Male,0.499470788054168
person5,Male,Female,0.745420400286093
person6,Female,Female,0.189475713763386
person7,Female,Male,0.263650584034622
person8,Male,Female,0.672213047510013
person9,Female,Female,0.39283584151417
person10,Male,Male,0.691216156352311
person11,Female,Male,0.278122150106356
person12,Male,Female,0.815220267279074
