persons,prediction,reference,pred.score
person1,Female,Male,0.366364410612732
person2,Female,Female,0.0114779672585428
person3,Male,Male,0.755614002700895
person4,Female,Male,0.4976867120713
person5,Male,Female,0.511144703254104
person6,Female,Female,0.318655590992421
person7,Male,Male,0.521303646964952
person8,Female,Female,0.32761837169528
person9,Male,Female,0.566601075930521
person10,Female,Male,0.105932188685983
person11,Female,Male,0.477523333625868
person12,Male,Female,0.966157745104283
